Category,Total Profit,Avg Profit per Order,Total Sales,Profit Margin (%)
Clothing,11163.0,11.76290832455216,139054.0,8.027816531707106
Electronics,10494.0,34.07142857142857,165267.0,6.349724990469967
Furniture,2298.0,9.45679012345679,127181.0,1.8068736682366076
