State,Total_Sales,Avg_Profit
Gujarat,21058.0,5.344827586206897
Madhya Pradesh,105140.0,16.326470588235296
Maharashtra,95348.0,21.29655172413793
Punjab,16786.0,-10.15
Rajasthan,21149.0,16.986486486486488
